{
"namabot": "Leviathan-MD",
"owner": "sheva bot",
"sc": "https://github.com/",
"kontak": [
  [ "6282373158947", "Radhin", "ᴅᴇᴠᴇʟᴏᴩᴇʀ ʙᴏᴛ", "radhinalhaady12@smp.belajar.id", true ],
  [ "6281575782596", "Leviathan-MD [BOT MD]", "Bot WhatsApp", "sgdark223@gmail.com", true ]
  ],
 "linkgc": "https://chat.whatsapp.com/LhpFRMqsKkn6nrCCf1He9R",
 "linkig": "https://www.instagram.com/radhin_al_haady",
 "linkgh": "https://github.com/radhin123",
 "deslink": "nothing",
 "titlink": "Folllow me on Instagram",
 "bodlink": "@radhin_al_haady",
 "wait": "_*𝐬𝐞𝐝𝐚𝐧𝐠 𝐝𝐢 𝐩𝐫𝐨𝐬𝐞𝐬 ...*_",
 "eror":"_*мααƒ ѕєяνєя тι∂αк ѕтαвιℓ..*_",
 "dtu": "𝑭𝒐𝒍𝒍𝒐𝒘",
 "urlnya": "https://www.instagram.com/radhin_al_haady",
 "dtc": "𝒄𝒂𝒍𝒍 𝒐𝒘𝒏𝒆𝒓",
 "phn": "+62 815-7578-2596",
 "sa": "╭─",
 "gx": "│✇",
 "gy": "│•",
 "gz": "│",
 "sb": "╰────࿐",
 "kki": "「",
 "kka": "」",
 "petik": "```",
 "benar": "_*Benar✅*_",
 "salah": "_*Salah❌*_",
 "dikit": "dikit lagi, semangat ya :')",
 "images": "https://telegra.ph/file/b9724612ed3e001b67d9e.jpg ",
 "wmnya": "ву Leviathan corporation",
 "clg1": "Ciss 📸",
 "clg2": "ʙy Leviathan"
}
